{"cameraMode":{"drawMode":0,"name":"Shaded","section":"Shading Mode"},"sceneLighting":true,"audioPlay":false,"sceneViewState":{"m_AlwaysRefresh":false,"showFog":true,"showSkybox":true,"showFlares":true,"showImageEffects":true,"showParticleSystems":true,"showVisualEffectGraphs":true,"m_FxEnabled":true},"in2DMode":false,"pivot":{"x":22.87932014465332,"y":12.335433959960938,"z":7.773214340209961},"rotation":{"x":0.20812827348709107,"y":-0.6600161790847778,"z":0.19790886342525483,"w":0.6941637992858887},"size":1.2247449159622193,"orthographic":false}